week,type,target,impact,unit
8,machine_breakdown,WC-Stanze-01,3.7,hours
26,machine_breakdown,WC-Stanze-01,4.1,hours
29,machine_breakdown,WC-Stanze-01,5.2,hours
32,machine_breakdown,WC-Stanze-01,3.4,hours
22,material_shortage,Weissblech-Coil,10,days
35,material_shortage,Weissblech-Coil,9,days
,priority_change,O-00001,hoch,priority
,priority_change,O-00002,normal,priority
,priority_change,O-00005,hoch,priority
,priority_change,O-00008,hoch,priority
,priority_change,O-00010,hoch,priority
,priority_change,O-00012,hoch,priority
,priority_change,O-00014,hoch,priority
,priority_change,O-00016,hoch,priority
,priority_change,O-00018,hoch,priority
,priority_change,O-00023,hoch,priority
,priority_change,O-00024,hoch,priority
,priority_change,O-00025,hoch,priority
,priority_change,O-00026,hoch,priority
,priority_change,O-00028,hoch,priority
,priority_change,O-00034,hoch,priority
,priority_change,O-00036,hoch,priority
,priority_change,O-00039,hoch,priority
,priority_change,O-00040,hoch,priority
,priority_change,O-00042,hoch,priority
,priority_change,O-00044,hoch,priority
,priority_change,O-00045,hoch,priority
,priority_change,O-00049,hoch,priority
,priority_change,O-00051,hoch,priority
,priority_change,O-00053,hoch,priority
,priority_change,O-00057,hoch,priority
,priority_change,O-00061,hoch,priority
,priority_change,O-00064,hoch,priority
,priority_change,O-00067,hoch,priority
,priority_change,O-00069,hoch,priority
,priority_change,O-00070,hoch,priority
,priority_change,O-00074,hoch,priority
,priority_change,O-00075,hoch,priority
,priority_change,O-00076,hoch,priority
,priority_change,O-00077,hoch,priority
,priority_change,O-00079,hoch,priority
,priority_change,O-00081,hoch,priority
,priority_change,O-00083,hoch,priority
,priority_change,O-00085,hoch,priority
,priority_change,O-00089,normal,priority
,priority_change,O-00091,hoch,priority
,priority_change,O-00092,hoch,priority
,priority_change,O-00093,hoch,priority
,priority_change,O-00096,hoch,priority
,priority_change,O-00098,hoch,priority
,priority_change,O-00107,hoch,priority
,priority_change,O-00109,hoch,priority
,priority_change,O-00110,hoch,priority
,priority_change,O-00116,hoch,priority
,priority_change,O-00118,hoch,priority
,priority_change,O-00120,hoch,priority
,priority_change,O-00123,hoch,priority
,priority_change,O-00127,hoch,priority
,priority_change,O-00129,hoch,priority
,priority_change,O-00130,hoch,priority
,priority_change,O-00134,normal,priority
,priority_change,O-00136,hoch,priority
,priority_change,O-00145,hoch,priority
,priority_change,O-00146,hoch,priority
,priority_change,O-00148,hoch,priority
,priority_change,O-00154,hoch,priority
,priority_change,O-00156,hoch,priority
,priority_change,O-00158,hoch,priority
,priority_change,O-00165,hoch,priority
,priority_change,O-00169,normal,priority
,priority_change,O-00174,hoch,priority
,priority_change,O-00175,normal,priority
,priority_change,O-00180,hoch,priority
,priority_change,O-00181,hoch,priority
,priority_change,O-00183,hoch,priority
,priority_change,O-00184,hoch,priority
,priority_change,O-00187,hoch,priority
,priority_change,O-00190,hoch,priority
,priority_change,O-00191,hoch,priority
,priority_change,O-00192,hoch,priority
,priority_change,O-00203,hoch,priority
,priority_change,O-00206,hoch,priority
,priority_change,O-00210,hoch,priority
,priority_change,O-00211,normal,priority
,priority_change,O-00213,hoch,priority
,priority_change,O-00214,hoch,priority
,priority_change,O-00217,hoch,priority
,priority_change,O-00221,hoch,priority
,priority_change,O-00226,hoch,priority
,priority_change,O-00234,hoch,priority
,priority_change,O-00237,hoch,priority
,priority_change,O-00247,hoch,priority
,priority_change,O-00249,hoch,priority
,priority_change,O-00256,hoch,priority
,priority_change,O-00257,hoch,priority
,priority_change,O-00268,hoch,priority
,priority_change,O-00274,hoch,priority
,priority_change,O-00281,hoch,priority
,priority_change,O-00283,hoch,priority
,priority_change,O-00287,hoch,priority
,priority_change,O-00288,hoch,priority
,priority_change,O-00293,hoch,priority
,priority_change,O-00295,hoch,priority
,priority_change,O-00297,hoch,priority
,priority_change,O-00300,hoch,priority
,priority_change,O-00306,hoch,priority
,priority_change,O-00320,hoch,priority
,priority_change,O-00321,hoch,priority
,priority_change,O-00323,hoch,priority
,priority_change,O-00325,hoch,priority
,priority_change,O-00331,hoch,priority
,priority_change,O-00332,hoch,priority
,priority_change,O-00333,hoch,priority
,priority_change,O-00335,hoch,priority
,priority_change,O-00338,hoch,priority
,priority_change,O-00341,normal,priority
,priority_change,O-00345,hoch,priority
,priority_change,O-00349,normal,priority
,priority_change,O-00351,hoch,priority
,priority_change,O-00352,hoch,priority
,priority_change,O-00371,normal,priority
,priority_change,O-00373,hoch,priority
,priority_change,O-00383,hoch,priority
,priority_change,O-00384,hoch,priority
,priority_change,O-00385,hoch,priority
,priority_change,O-00389,hoch,priority
,priority_change,O-00392,hoch,priority
,priority_change,O-00393,hoch,priority
,priority_change,O-00397,hoch,priority
,priority_change,O-00399,hoch,priority
,priority_change,O-00400,hoch,priority
,priority_change,O-00403,hoch,priority
,priority_change,O-00404,hoch,priority
,priority_change,O-00408,hoch,priority
,priority_change,O-00418,hoch,priority
,priority_change,O-00419,hoch,priority
,priority_change,O-00423,hoch,priority
,priority_change,O-00428,hoch,priority
,priority_change,O-00432,hoch,priority
,priority_change,O-00433,hoch,priority
,priority_change,O-00434,normal,priority
,priority_change,O-00435,hoch,priority
,priority_change,O-00439,hoch,priority
,priority_change,O-00445,hoch,priority
,priority_change,O-00446,hoch,priority
,priority_change,O-00449,hoch,priority
,priority_change,O-00450,hoch,priority
,priority_change,O-00453,normal,priority
,priority_change,O-00455,hoch,priority
,priority_change,O-00456,normal,priority
,priority_change,O-00463,hoch,priority
,priority_change,O-00471,hoch,priority
,priority_change,O-00481,hoch,priority
,priority_change,O-00482,hoch,priority
,priority_change,O-00483,hoch,priority
,priority_change,O-00484,hoch,priority
,priority_change,O-00487,hoch,priority
,priority_change,O-00489,normal,priority
,priority_change,O-00490,hoch,priority
,priority_change,O-00491,hoch,priority
,priority_change,O-00493,hoch,priority
,priority_change,O-00495,hoch,priority
,priority_change,O-00496,hoch,priority
,priority_change,O-00497,hoch,priority
,priority_change,O-00499,normal,priority
,priority_change,O-00500,hoch,priority
,priority_change,O-00502,hoch,priority
,priority_change,O-00505,hoch,priority
,priority_change,O-00508,hoch,priority
,priority_change,O-00511,hoch,priority
,priority_change,O-00515,hoch,priority
,priority_change,O-00517,hoch,priority
,priority_change,O-00518,hoch,priority
,priority_change,O-00523,hoch,priority
,priority_change,O-00536,hoch,priority
,priority_change,O-00537,hoch,priority
,priority_change,O-00538,hoch,priority
,priority_change,O-00541,hoch,priority
,priority_change,O-00542,hoch,priority
,priority_change,O-00544,hoch,priority
,priority_change,O-00549,hoch,priority
,priority_change,O-00550,normal,priority
,priority_change,O-00577,hoch,priority
,priority_change,O-00578,hoch,priority
,priority_change,O-00581,hoch,priority
,priority_change,O-00586,normal,priority
,priority_change,O-00587,hoch,priority
,priority_change,O-00588,hoch,priority
,priority_change,O-00592,hoch,priority
,priority_change,O-00593,hoch,priority
,priority_change,O-00596,normal,priority
,priority_change,O-00597,hoch,priority
,priority_change,O-00602,hoch,priority
,priority_change,O-00604,normal,priority
,priority_change,O-00607,hoch,priority
,priority_change,O-00609,hoch,priority
,priority_change,O-00611,normal,priority
,priority_change,O-00613,hoch,priority
,priority_change,O-00615,hoch,priority
,priority_change,O-00616,hoch,priority
,priority_change,O-00619,hoch,priority
,priority_change,O-00620,hoch,priority
,priority_change,O-00621,hoch,priority
,priority_change,O-00622,hoch,priority
,priority_change,O-00623,hoch,priority
,priority_change,O-00625,hoch,priority
,priority_change,O-00629,hoch,priority
,priority_change,O-00630,hoch,priority
,priority_change,O-00636,hoch,priority
,priority_change,O-00640,hoch,priority
,priority_change,O-00644,hoch,priority
,priority_change,O-00648,hoch,priority
,priority_change,O-00652,hoch,priority
,priority_change,O-00653,hoch,priority
,priority_change,O-00659,hoch,priority
,priority_change,O-00666,hoch,priority
,priority_change,O-00672,hoch,priority
,priority_change,O-00673,hoch,priority
,priority_change,O-00675,hoch,priority
,priority_change,O-00679,hoch,priority
,priority_change,O-00690,hoch,priority
,priority_change,O-00691,hoch,priority
,priority_change,O-00692,hoch,priority
,priority_change,O-00695,hoch,priority
,priority_change,O-00696,hoch,priority
,priority_change,O-00698,hoch,priority
,priority_change,O-00704,hoch,priority
,priority_change,O-00705,hoch,priority
,priority_change,O-00707,hoch,priority
,priority_change,O-00708,hoch,priority
,priority_change,O-00709,hoch,priority
,priority_change,O-00710,normal,priority
,priority_change,O-00717,hoch,priority
,priority_change,O-00718,hoch,priority
,priority_change,O-00720,hoch,priority
,priority_change,O-00722,hoch,priority
,priority_change,O-00730,normal,priority
,priority_change,O-00736,normal,priority
,priority_change,O-00738,hoch,priority
,priority_change,O-00740,hoch,priority
,priority_change,O-00741,hoch,priority
,priority_change,O-00745,hoch,priority
,priority_change,O-00750,hoch,priority
,priority_change,O-00752,normal,priority
,priority_change,O-00753,hoch,priority
,priority_change,O-00759,normal,priority
,priority_change,O-00760,normal,priority
,priority_change,O-00765,normal,priority
,priority_change,O-00776,hoch,priority
,priority_change,O-00777,hoch,priority
,priority_change,O-00779,hoch,priority
,priority_change,O-00782,hoch,priority
,priority_change,O-00789,normal,priority
,priority_change,O-00790,hoch,priority
,priority_change,O-00792,hoch,priority
,priority_change,O-00795,hoch,priority
,priority_change,O-00797,hoch,priority
,priority_change,O-00799,normal,priority
,priority_change,O-00800,normal,priority
,priority_change,O-00802,hoch,priority
,priority_change,O-00807,hoch,priority
,priority_change,O-00808,hoch,priority
,priority_change,O-00810,hoch,priority
,priority_change,O-00811,hoch,priority
,priority_change,O-00813,hoch,priority
,priority_change,O-00816,hoch,priority
,priority_change,O-00818,hoch,priority
,priority_change,O-00819,hoch,priority
,priority_change,O-00820,normal,priority
,priority_change,O-00822,hoch,priority
,priority_change,O-00828,hoch,priority
,priority_change,O-00831,hoch,priority
,priority_change,O-00843,normal,priority
,priority_change,O-00847,normal,priority
,priority_change,O-00850,hoch,priority
,priority_change,O-00852,hoch,priority
,priority_change,O-00855,hoch,priority
,priority_change,O-00857,hoch,priority
,priority_change,O-00867,hoch,priority
,priority_change,O-00869,normal,priority
,priority_change,O-00871,normal,priority
,priority_change,O-00877,normal,priority
,priority_change,O-00878,normal,priority
,priority_change,O-00880,hoch,priority
,priority_change,O-00886,hoch,priority
,priority_change,O-00889,normal,priority
,priority_change,O-00892,hoch,priority
,priority_change,O-00895,hoch,priority
,priority_change,O-00899,hoch,priority
,priority_change,O-00908,hoch,priority
,priority_change,O-00911,hoch,priority
,priority_change,O-00914,hoch,priority
,priority_change,O-00915,hoch,priority
,priority_change,O-00920,hoch,priority
,priority_change,O-00923,hoch,priority
,priority_change,O-00926,hoch,priority
,priority_change,O-00927,hoch,priority
,priority_change,O-00930,hoch,priority
,priority_change,O-00934,hoch,priority
,priority_change,O-00936,hoch,priority
,priority_change,O-00940,hoch,priority
,priority_change,O-00945,hoch,priority
,priority_change,O-00954,hoch,priority
,priority_change,O-00956,hoch,priority
,priority_change,O-00957,hoch,priority
,priority_change,O-00958,hoch,priority
,priority_change,O-00961,hoch,priority
,priority_change,O-00970,hoch,priority
,priority_change,O-00975,normal,priority
,priority_change,O-00978,hoch,priority
,priority_change,O-00982,hoch,priority
,priority_change,O-00983,normal,priority
,priority_change,O-00990,hoch,priority
,priority_change,O-00992,hoch,priority
,priority_change,O-00998,hoch,priority
,priority_change,O-01001,hoch,priority
,priority_change,O-01002,hoch,priority
,priority_change,O-01009,hoch,priority
,priority_change,O-01010,hoch,priority
,priority_change,O-01011,hoch,priority
,priority_change,O-01015,hoch,priority
,priority_change,O-01019,hoch,priority
,priority_change,O-01023,hoch,priority
,priority_change,O-01025,hoch,priority
,priority_change,O-01028,hoch,priority
,priority_change,O-01036,hoch,priority
,priority_change,O-01039,hoch,priority
,priority_change,O-01041,hoch,priority
,priority_change,O-01042,hoch,priority
,priority_change,O-01043,hoch,priority
,priority_change,O-01048,hoch,priority
,priority_change,O-01052,hoch,priority
,priority_change,O-01056,hoch,priority
,priority_change,O-01061,hoch,priority
,priority_change,O-01062,normal,priority
,priority_change,O-01065,hoch,priority
,priority_change,O-01067,hoch,priority
,priority_change,O-01069,hoch,priority
,priority_change,O-01073,hoch,priority
,priority_change,O-01076,hoch,priority
,priority_change,O-01077,hoch,priority
,priority_change,O-01078,hoch,priority
,priority_change,O-01082,hoch,priority
,priority_change,O-01085,hoch,priority
,priority_change,O-01090,hoch,priority
,priority_change,O-01091,hoch,priority
,priority_change,O-01092,hoch,priority
,priority_change,O-01093,hoch,priority
,priority_change,O-01095,hoch,priority
,priority_change,O-01097,hoch,priority
,priority_change,O-01098,normal,priority
,priority_change,O-01100,hoch,priority
,priority_change,O-01101,hoch,priority
,priority_change,O-01103,hoch,priority
,priority_change,O-01105,hoch,priority
,priority_change,O-01110,hoch,priority
,priority_change,O-01111,hoch,priority
,priority_change,O-01112,hoch,priority
,priority_change,O-01115,hoch,priority
,priority_change,O-01121,hoch,priority
,priority_change,O-01122,hoch,priority
,priority_change,O-01123,hoch,priority
,priority_change,O-01133,normal,priority
,priority_change,O-01136,hoch,priority
,priority_change,O-01138,hoch,priority
,priority_change,O-01142,hoch,priority
,priority_change,O-01146,hoch,priority
,priority_change,O-01150,hoch,priority
,priority_change,O-01151,hoch,priority
,priority_change,O-01152,hoch,priority
,priority_change,O-01153,normal,priority
,priority_change,O-01158,hoch,priority
,priority_change,O-01166,hoch,priority
,priority_change,O-01168,hoch,priority
,priority_change,O-01170,hoch,priority
,priority_change,O-01173,hoch,priority
,priority_change,O-01176,normal,priority
,priority_change,O-01177,hoch,priority
,priority_change,O-01180,normal,priority
,priority_change,O-01183,normal,priority
,priority_change,O-01187,hoch,priority
,priority_change,O-01196,normal,priority
,priority_change,O-01200,hoch,priority
,priority_change,O-01209,hoch,priority
,priority_change,O-01213,hoch,priority
,priority_change,O-01218,hoch,priority
,priority_change,O-01219,hoch,priority
,priority_change,O-01220,hoch,priority
,priority_change,O-01222,hoch,priority
,priority_change,O-01225,normal,priority
,priority_change,O-01227,hoch,priority
,priority_change,O-01228,hoch,priority
,priority_change,O-01229,hoch,priority
,priority_change,O-01230,hoch,priority
,priority_change,O-01231,hoch,priority
,priority_change,O-01234,normal,priority
,priority_change,O-01237,normal,priority
,priority_change,O-01240,hoch,priority
,priority_change,O-01246,hoch,priority
,priority_change,O-01249,hoch,priority
,priority_change,O-01253,hoch,priority
,priority_change,O-01254,hoch,priority
,priority_change,O-01263,normal,priority
,priority_change,O-01264,hoch,priority
,priority_change,O-01266,hoch,priority
,priority_change,O-01272,hoch,priority
,priority_change,O-01274,normal,priority
,priority_change,O-01280,hoch,priority
,priority_change,O-01281,hoch,priority
,priority_change,O-01282,hoch,priority
,priority_change,O-01283,hoch,priority
,priority_change,O-01285,hoch,priority
,priority_change,O-01287,hoch,priority
,priority_change,O-01290,hoch,priority
,priority_change,O-01291,hoch,priority
,priority_change,O-01301,hoch,priority
,priority_change,O-01304,hoch,priority
,priority_change,O-01307,hoch,priority
,priority_change,O-01309,hoch,priority
,priority_change,O-01310,hoch,priority
,priority_change,O-01311,normal,priority
,priority_change,O-01318,hoch,priority
,priority_change,O-01322,hoch,priority
,priority_change,O-01324,hoch,priority
,priority_change,O-01329,hoch,priority
,priority_change,O-01338,normal,priority
,priority_change,O-01340,hoch,priority
,priority_change,O-01342,hoch,priority
,priority_change,O-01344,hoch,priority
,priority_change,O-01348,hoch,priority
,priority_change,O-01352,hoch,priority
,priority_change,O-01353,normal,priority
,priority_change,O-01360,hoch,priority
,priority_change,O-01365,hoch,priority
,priority_change,O-01367,hoch,priority
,priority_change,O-01369,hoch,priority
,priority_change,O-01374,hoch,priority
,priority_change,O-01375,hoch,priority
,priority_change,O-01376,normal,priority
,priority_change,O-01377,normal,priority
,priority_change,O-01382,normal,priority
,priority_change,O-01385,hoch,priority
,priority_change,O-01389,hoch,priority
,priority_change,O-01394,hoch,priority
,priority_change,O-01401,hoch,priority
,priority_change,O-01403,hoch,priority
,priority_change,O-01405,hoch,priority
,priority_change,O-01409,hoch,priority
,priority_change,O-01410,hoch,priority
,priority_change,O-01413,hoch,priority
,priority_change,O-01416,hoch,priority
,priority_change,O-01421,hoch,priority
,priority_change,O-01423,hoch,priority
,priority_change,O-01427,hoch,priority
,priority_change,O-01430,hoch,priority
,priority_change,O-01431,hoch,priority
,priority_change,O-01436,hoch,priority
,priority_change,O-01438,hoch,priority
,priority_change,O-01439,hoch,priority
,priority_change,O-01442,hoch,priority
,priority_change,O-01447,hoch,priority
,priority_change,O-01450,normal,priority
,priority_change,O-01455,hoch,priority
,priority_change,O-01458,hoch,priority
,priority_change,O-01460,hoch,priority
,priority_change,O-01465,hoch,priority
,priority_change,O-01469,hoch,priority
,priority_change,O-01472,normal,priority
,priority_change,O-01475,hoch,priority
,priority_change,O-01477,hoch,priority
,priority_change,O-01488,normal,priority
,priority_change,O-01490,hoch,priority
,priority_change,O-01492,hoch,priority
,priority_change,O-01493,normal,priority
,priority_change,O-01496,normal,priority
,priority_change,O-01498,normal,priority
,priority_change,O-01499,hoch,priority
,priority_change,O-01504,hoch,priority
,priority_change,O-01509,hoch,priority
,priority_change,O-01512,normal,priority
,priority_change,O-01519,hoch,priority
,priority_change,O-01520,hoch,priority
,priority_change,O-01521,hoch,priority
,priority_change,O-01529,normal,priority
,priority_change,O-01530,hoch,priority
,priority_change,O-01533,hoch,priority
,priority_change,O-01534,normal,priority
,priority_change,O-01535,hoch,priority
,priority_change,O-01543,hoch,priority
,priority_change,O-01545,hoch,priority
,priority_change,O-01546,hoch,priority
,priority_change,O-01554,hoch,priority
,priority_change,O-01555,hoch,priority
,priority_change,O-01556,hoch,priority
,priority_change,O-01558,hoch,priority
,priority_change,O-01560,hoch,priority
,priority_change,O-01568,hoch,priority
,priority_change,O-01571,normal,priority
,priority_change,O-01572,normal,priority
,priority_change,O-01581,normal,priority
,priority_change,O-01584,hoch,priority
,priority_change,O-01586,hoch,priority
,priority_change,O-01588,hoch,priority
,priority_change,O-01590,hoch,priority
,priority_change,O-01591,hoch,priority
,priority_change,O-01592,hoch,priority
,priority_change,O-01598,hoch,priority
,priority_change,O-01602,hoch,priority
,priority_change,O-01606,hoch,priority
,priority_change,O-01617,hoch,priority
,priority_change,O-01628,hoch,priority
,priority_change,O-01630,hoch,priority
,priority_change,O-01632,hoch,priority
,priority_change,O-01634,normal,priority
,priority_change,O-01636,normal,priority
,priority_change,O-01638,hoch,priority
,priority_change,O-01642,hoch,priority
,priority_change,O-01643,hoch,priority
,priority_change,O-01644,hoch,priority
,priority_change,O-01646,normal,priority
,priority_change,O-01648,normal,priority
,priority_change,O-01650,hoch,priority
,priority_change,O-01651,normal,priority
,priority_change,O-01652,hoch,priority
,priority_change,O-01655,hoch,priority
,priority_change,O-01662,hoch,priority
,priority_change,O-01665,hoch,priority
,priority_change,O-01669,hoch,priority
,priority_change,O-01670,hoch,priority
,priority_change,O-01671,hoch,priority
,priority_change,O-01675,hoch,priority
,priority_change,O-01678,hoch,priority
,priority_change,O-01681,hoch,priority
,priority_change,O-01684,hoch,priority
,priority_change,O-01685,hoch,priority
,priority_change,O-01690,normal,priority
,priority_change,O-01695,hoch,priority
,priority_change,O-01696,hoch,priority
,priority_change,O-01699,hoch,priority
,priority_change,O-01700,hoch,priority
,priority_change,O-01702,hoch,priority
,priority_change,O-01709,normal,priority
,priority_change,O-01710,normal,priority
,priority_change,O-01711,hoch,priority
,priority_change,O-01713,normal,priority
,priority_change,O-01714,hoch,priority
,priority_change,O-01717,hoch,priority
,priority_change,O-01724,hoch,priority
,priority_change,O-01727,normal,priority
,priority_change,O-01731,hoch,priority
,priority_change,O-01736,hoch,priority
,priority_change,O-01737,hoch,priority
,priority_change,O-01738,hoch,priority
,priority_change,O-01742,hoch,priority
,priority_change,O-01745,normal,priority
,priority_change,O-01746,hoch,priority
,priority_change,O-01747,hoch,priority
,priority_change,O-01748,hoch,priority
,priority_change,O-01749,hoch,priority
,priority_change,O-01751,hoch,priority
,priority_change,O-01752,hoch,priority
,priority_change,O-01755,hoch,priority
,priority_change,O-01758,hoch,priority
,priority_change,O-01760,hoch,priority
,priority_change,O-01761,hoch,priority
,priority_change,O-01764,hoch,priority
,priority_change,O-01768,hoch,priority
,priority_change,O-01774,hoch,priority
,priority_change,O-01777,hoch,priority
,priority_change,O-01780,hoch,priority
,priority_change,O-01781,hoch,priority
,priority_change,O-01782,normal,priority
,priority_change,O-01785,hoch,priority
,priority_change,O-01786,hoch,priority
,priority_change,O-01787,hoch,priority
,priority_change,O-01796,hoch,priority
,priority_change,O-01800,hoch,priority
,priority_change,O-01801,normal,priority
,priority_change,O-01805,hoch,priority
,priority_change,O-01806,hoch,priority
,priority_change,O-01807,hoch,priority
,priority_change,O-01808,hoch,priority
,priority_change,O-01811,hoch,priority
,priority_change,O-01813,hoch,priority
,priority_change,O-01817,hoch,priority
,priority_change,O-01819,hoch,priority
,priority_change,O-01827,hoch,priority
,priority_change,O-01828,hoch,priority
,priority_change,O-01829,hoch,priority
,priority_change,O-01830,hoch,priority
,priority_change,O-01831,hoch,priority
,priority_change,O-01835,hoch,priority
,priority_change,O-01836,hoch,priority
,priority_change,O-01837,hoch,priority
,priority_change,O-01847,normal,priority
,priority_change,O-01853,hoch,priority
,priority_change,O-01857,hoch,priority
,priority_change,O-01865,hoch,priority
,priority_change,O-01867,hoch,priority
,priority_change,O-01868,hoch,priority
,priority_change,O-01871,hoch,priority
,priority_change,O-01875,hoch,priority
,priority_change,O-01877,hoch,priority
,priority_change,O-01878,hoch,priority
,priority_change,O-01879,hoch,priority
,priority_change,O-01889,hoch,priority
,priority_change,O-01891,hoch,priority
,priority_change,O-01893,hoch,priority
,priority_change,O-01902,hoch,priority
,priority_change,O-01906,hoch,priority
,priority_change,O-01909,hoch,priority
,priority_change,O-01910,hoch,priority
,priority_change,O-01912,hoch,priority
,priority_change,O-01914,hoch,priority
,priority_change,O-01916,normal,priority
,priority_change,O-01917,hoch,priority
,priority_change,O-01918,hoch,priority
,priority_change,O-01921,normal,priority
,priority_change,O-01922,hoch,priority
,priority_change,O-01923,hoch,priority
,priority_change,O-01924,hoch,priority
,priority_change,O-01928,hoch,priority
,priority_change,O-01930,hoch,priority
,priority_change,O-01931,hoch,priority
,priority_change,O-01935,hoch,priority
,priority_change,O-01939,hoch,priority
,priority_change,O-01941,hoch,priority
,priority_change,O-01943,normal,priority
,priority_change,O-01947,hoch,priority
,priority_change,O-01948,hoch,priority
,priority_change,O-01951,hoch,priority
,priority_change,O-01954,hoch,priority
,priority_change,O-01955,hoch,priority
,priority_change,O-01956,hoch,priority
,priority_change,O-01957,hoch,priority
,priority_change,O-01962,hoch,priority
,priority_change,O-01963,hoch,priority
,priority_change,O-01964,hoch,priority
,priority_change,O-01965,normal,priority
,priority_change,O-01968,hoch,priority
,priority_change,O-01973,hoch,priority
,priority_change,O-01974,hoch,priority
,priority_change,O-01976,hoch,priority
,priority_change,O-01987,hoch,priority
,priority_change,O-01990,normal,priority
,priority_change,O-01992,hoch,priority
,priority_change,O-01993,hoch,priority
,priority_change,O-01995,normal,priority
,priority_change,O-01997,hoch,priority
,priority_change,O-01998,hoch,priority
,priority_change,O-02000,hoch,priority
,priority_change,O-02001,hoch,priority
,priority_change,O-02003,hoch,priority
,priority_change,O-02004,hoch,priority
,priority_change,O-02006,hoch,priority
,priority_change,O-02008,hoch,priority
,priority_change,O-02009,hoch,priority
,priority_change,O-02011,normal,priority
,priority_change,O-02014,hoch,priority
,priority_change,O-02017,hoch,priority
,priority_change,O-02019,hoch,priority
,priority_change,O-02029,hoch,priority
,priority_change,O-02030,hoch,priority
,priority_change,O-02034,hoch,priority
,priority_change,O-02035,hoch,priority
,priority_change,O-02036,hoch,priority
,priority_change,O-02039,hoch,priority
,priority_change,O-02044,hoch,priority
,priority_change,O-02046,hoch,priority
,priority_change,O-02050,hoch,priority
,priority_change,O-02052,hoch,priority
,priority_change,O-02056,normal,priority
,priority_change,O-02057,hoch,priority
,priority_change,O-02058,hoch,priority
,priority_change,O-02059,hoch,priority
,priority_change,O-02061,normal,priority
,priority_change,O-02064,hoch,priority
,priority_change,O-02069,hoch,priority
,priority_change,O-02070,normal,priority
,priority_change,O-02071,hoch,priority
,priority_change,O-02074,normal,priority
,priority_change,O-02079,hoch,priority
,priority_change,O-02083,hoch,priority
,priority_change,O-02088,hoch,priority
,priority_change,O-02089,hoch,priority
,priority_change,O-02092,hoch,priority
,priority_change,O-02094,hoch,priority
,priority_change,O-02095,hoch,priority
,priority_change,O-02099,hoch,priority
,priority_change,O-02105,hoch,priority
,priority_change,O-02106,hoch,priority
,priority_change,O-02107,hoch,priority
,priority_change,O-02111,hoch,priority
,priority_change,O-02113,normal,priority
,priority_change,O-02116,normal,priority
,priority_change,O-02118,hoch,priority
,priority_change,O-02129,hoch,priority
,priority_change,O-02134,hoch,priority
,priority_change,O-02136,hoch,priority
,priority_change,O-02139,hoch,priority
,priority_change,O-02145,hoch,priority
,priority_change,O-02146,hoch,priority
,priority_change,O-02150,hoch,priority
,priority_change,O-02151,hoch,priority
,priority_change,O-02152,hoch,priority
,priority_change,O-02160,hoch,priority
,priority_change,O-02161,hoch,priority
,priority_change,O-02162,hoch,priority
,priority_change,O-02164,hoch,priority
,priority_change,O-02166,hoch,priority
,priority_change,O-02168,hoch,priority
,priority_change,O-02169,hoch,priority
,priority_change,O-02173,hoch,priority
,priority_change,O-02174,hoch,priority
,priority_change,O-02175,hoch,priority
,priority_change,O-02176,normal,priority
,priority_change,O-02181,hoch,priority
,priority_change,O-02182,hoch,priority
,priority_change,O-02185,hoch,priority
,priority_change,O-02188,hoch,priority
,priority_change,O-02197,hoch,priority
,priority_change,O-02199,hoch,priority
,priority_change,O-02206,hoch,priority
,priority_change,O-02207,hoch,priority
,priority_change,O-02209,normal,priority
,priority_change,O-02214,hoch,priority
,priority_change,O-02221,hoch,priority
,priority_change,O-02223,normal,priority
,priority_change,O-02227,hoch,priority
,priority_change,O-02235,hoch,priority
,priority_change,O-02236,hoch,priority
,priority_change,O-02239,hoch,priority
,priority_change,O-02241,hoch,priority
,priority_change,O-02243,hoch,priority
,priority_change,O-02244,hoch,priority
,priority_change,O-02249,normal,priority
,priority_change,O-02253,hoch,priority
,priority_change,O-02254,hoch,priority
,priority_change,O-02261,hoch,priority
,priority_change,O-02266,hoch,priority
,priority_change,O-02268,hoch,priority
,priority_change,O-02269,normal,priority
,priority_change,O-02275,hoch,priority
,priority_change,O-02279,hoch,priority
,priority_change,O-02280,normal,priority
,priority_change,O-02285,hoch,priority
,priority_change,O-02290,normal,priority
,priority_change,O-02291,hoch,priority
,priority_change,O-02292,hoch,priority
,priority_change,O-02293,normal,priority
,priority_change,O-02296,hoch,priority
,priority_change,O-02300,hoch,priority
,priority_change,O-02304,hoch,priority
,priority_change,O-02311,hoch,priority
,priority_change,O-02313,hoch,priority
,priority_change,O-02316,hoch,priority
,priority_change,O-02319,hoch,priority
,priority_change,O-02320,normal,priority
,priority_change,O-02322,normal,priority
,priority_change,O-02324,hoch,priority
,priority_change,O-02325,hoch,priority
,priority_change,O-02328,hoch,priority
,priority_change,O-02329,hoch,priority
,priority_change,O-02332,hoch,priority
,priority_change,O-02336,normal,priority
,priority_change,O-02337,hoch,priority
,priority_change,O-02339,hoch,priority
,priority_change,O-02345,hoch,priority
,priority_change,O-02350,hoch,priority
,priority_change,O-02351,hoch,priority
,priority_change,O-02352,hoch,priority
,priority_change,O-02353,hoch,priority
,priority_change,O-02355,normal,priority
,priority_change,O-02360,hoch,priority
,priority_change,O-02366,hoch,priority
,priority_change,O-02378,hoch,priority
,priority_change,O-02379,hoch,priority
,priority_change,O-02381,hoch,priority
,priority_change,O-02382,hoch,priority
,priority_change,O-02384,normal,priority
,priority_change,O-02394,hoch,priority
,priority_change,O-02395,hoch,priority
,priority_change,O-02396,hoch,priority
,priority_change,O-02397,hoch,priority
,priority_change,O-02400,hoch,priority
,priority_change,O-02403,hoch,priority
,priority_change,O-02404,hoch,priority
,priority_change,O-02406,hoch,priority
,priority_change,O-02407,hoch,priority
,priority_change,O-02409,hoch,priority
,priority_change,O-02410,hoch,priority
,priority_change,O-02412,hoch,priority
,priority_change,O-02418,hoch,priority
,priority_change,O-02419,hoch,priority
,priority_change,O-02420,hoch,priority
,priority_change,O-02425,hoch,priority
,priority_change,O-02428,hoch,priority
,priority_change,O-02431,hoch,priority
,priority_change,O-02432,hoch,priority
,priority_change,O-02435,hoch,priority
,priority_change,O-02436,hoch,priority
,priority_change,O-02440,hoch,priority
,priority_change,O-02441,hoch,priority
,priority_change,O-02445,hoch,priority
,priority_change,O-02446,hoch,priority
,priority_change,O-02447,hoch,priority
,priority_change,O-02448,hoch,priority
,priority_change,O-02449,normal,priority
,priority_change,O-02450,hoch,priority
,priority_change,O-02451,hoch,priority
,priority_change,O-02452,hoch,priority
,priority_change,O-02456,hoch,priority
,priority_change,O-02457,normal,priority
,priority_change,O-02461,hoch,priority
,priority_change,O-02462,hoch,priority
,priority_change,O-02463,hoch,priority
,priority_change,O-02466,hoch,priority
,priority_change,O-02471,hoch,priority
,priority_change,O-02472,hoch,priority
,priority_change,O-02475,hoch,priority
,priority_change,O-02479,hoch,priority
,priority_change,O-02480,hoch,priority
,priority_change,O-02481,hoch,priority
,priority_change,O-02485,hoch,priority
,priority_change,O-02486,normal,priority
,priority_change,O-02491,hoch,priority
,priority_change,O-02492,hoch,priority
,priority_change,O-02494,normal,priority
,priority_change,O-02495,hoch,priority
,priority_change,O-02498,hoch,priority
,priority_change,O-02504,hoch,priority
,priority_change,O-02510,hoch,priority
,priority_change,O-02513,hoch,priority
,priority_change,O-02514,normal,priority
,priority_change,O-02516,hoch,priority
,priority_change,O-02526,hoch,priority
,priority_change,O-02528,hoch,priority
,priority_change,O-02532,hoch,priority
,priority_change,O-02534,hoch,priority
,priority_change,O-02535,hoch,priority
,priority_change,O-02536,normal,priority
,priority_change,O-02538,hoch,priority
,priority_change,O-02539,hoch,priority
,priority_change,O-02540,hoch,priority
,priority_change,O-02543,hoch,priority
,priority_change,O-02553,hoch,priority
,priority_change,O-02555,normal,priority
,priority_change,O-02556,hoch,priority
,priority_change,O-02559,hoch,priority
,priority_change,O-02560,hoch,priority
,priority_change,O-02565,normal,priority
,priority_change,O-02572,hoch,priority
,priority_change,O-02574,hoch,priority
,priority_change,O-02575,hoch,priority
,priority_change,O-02578,hoch,priority
,priority_change,O-02579,normal,priority
,priority_change,O-02581,hoch,priority
,priority_change,O-02582,hoch,priority
,priority_change,O-02583,hoch,priority
,priority_change,O-02584,normal,priority
,priority_change,O-02589,hoch,priority
,priority_change,O-02590,hoch,priority
,priority_change,O-02598,hoch,priority
,priority_change,O-02600,hoch,priority
,priority_change,O-02602,hoch,priority
,priority_change,O-02603,normal,priority
,priority_change,O-02604,hoch,priority
,priority_change,O-02605,hoch,priority
,priority_change,O-02606,hoch,priority
,priority_change,O-02608,normal,priority
,priority_change,O-02621,hoch,priority
,priority_change,O-02627,hoch,priority
,priority_change,O-02630,hoch,priority
,priority_change,O-02640,hoch,priority
,priority_change,O-02645,hoch,priority
,priority_change,O-02646,hoch,priority
,priority_change,O-02648,hoch,priority
,priority_change,O-02655,hoch,priority
,priority_change,O-02656,normal,priority
,priority_change,O-02660,hoch,priority
,priority_change,O-02661,normal,priority
,priority_change,O-02663,hoch,priority
,priority_change,O-02670,hoch,priority
,priority_change,O-02678,hoch,priority
,priority_change,O-02685,normal,priority
,priority_change,O-02687,hoch,priority
,priority_change,O-02688,hoch,priority
,priority_change,O-02697,normal,priority
,priority_change,O-02702,normal,priority
,priority_change,O-02704,hoch,priority
,priority_change,O-02708,hoch,priority
,priority_change,O-02710,hoch,priority
,priority_change,O-02721,hoch,priority
,priority_change,O-02724,hoch,priority
,priority_change,O-02727,hoch,priority
,priority_change,O-02730,hoch,priority
,priority_change,O-02740,hoch,priority
,priority_change,O-02742,hoch,priority
,priority_change,O-02743,hoch,priority
,priority_change,O-02750,hoch,priority
,priority_change,O-02756,hoch,priority
,priority_change,O-02757,hoch,priority
,priority_change,O-02761,hoch,priority
,priority_change,O-02762,hoch,priority
,priority_change,O-02768,normal,priority
,priority_change,O-02774,hoch,priority
,priority_change,O-02779,hoch,priority
,priority_change,O-02781,hoch,priority
,priority_change,O-02786,normal,priority
,priority_change,O-02788,hoch,priority
,priority_change,O-02795,hoch,priority
,priority_change,O-02797,hoch,priority
,priority_change,O-02802,hoch,priority
,priority_change,O-02804,hoch,priority
,priority_change,O-02811,hoch,priority
,priority_change,O-02814,hoch,priority
,priority_change,O-02815,hoch,priority
,priority_change,O-02818,hoch,priority
,priority_change,O-02824,hoch,priority
,priority_change,O-02826,hoch,priority
,priority_change,O-02827,hoch,priority
,priority_change,O-02829,hoch,priority
,priority_change,O-02831,hoch,priority
,priority_change,O-02833,hoch,priority
,priority_change,O-02837,hoch,priority
,priority_change,O-02841,hoch,priority
,priority_change,O-02848,hoch,priority
,priority_change,O-02852,hoch,priority
,priority_change,O-02857,hoch,priority
,priority_change,O-02858,hoch,priority
,priority_change,O-02862,hoch,priority
,priority_change,O-02863,normal,priority
,priority_change,O-02865,hoch,priority
,priority_change,O-02867,hoch,priority
,priority_change,O-02868,normal,priority
,priority_change,O-02873,normal,priority
,priority_change,O-02882,normal,priority
,priority_change,O-02885,hoch,priority
,priority_change,O-02888,hoch,priority
,priority_change,O-02890,hoch,priority
,priority_change,O-02893,normal,priority
,priority_change,O-02900,hoch,priority
,priority_change,O-02901,hoch,priority
,priority_change,O-02903,hoch,priority
,priority_change,O-02905,hoch,priority
,priority_change,O-02906,hoch,priority
,priority_change,O-02907,hoch,priority
,priority_change,O-02908,hoch,priority
,priority_change,O-02910,hoch,priority
,priority_change,O-02913,hoch,priority
,priority_change,O-02919,hoch,priority
,priority_change,O-02923,hoch,priority
,priority_change,O-02927,hoch,priority
,priority_change,O-02929,hoch,priority
,priority_change,O-02934,hoch,priority
,priority_change,O-02935,hoch,priority
,priority_change,O-02936,hoch,priority
,priority_change,O-02937,hoch,priority
,priority_change,O-02939,hoch,priority
,priority_change,O-02940,hoch,priority
,priority_change,O-02942,hoch,priority
,priority_change,O-02949,normal,priority
,priority_change,O-02951,hoch,priority
,priority_change,O-02955,hoch,priority
,priority_change,O-02957,hoch,priority
,priority_change,O-02959,normal,priority
,priority_change,O-02965,hoch,priority
,priority_change,O-02967,hoch,priority
,priority_change,O-02968,hoch,priority
,priority_change,O-02969,hoch,priority
,priority_change,O-02970,hoch,priority
,priority_change,O-02972,hoch,priority
,priority_change,O-02974,hoch,priority
,priority_change,O-02976,hoch,priority
,priority_change,O-02978,hoch,priority
,priority_change,O-02979,hoch,priority
,priority_change,O-02980,hoch,priority
,priority_change,O-02982,hoch,priority
,priority_change,O-02985,normal,priority
,priority_change,O-02986,hoch,priority
,priority_change,O-02992,hoch,priority
,priority_change,O-02995,normal,priority
,priority_change,O-03002,hoch,priority
,priority_change,O-03003,hoch,priority
,priority_change,O-03004,hoch,priority
,priority_change,O-03007,hoch,priority
,priority_change,O-03008,hoch,priority
,priority_change,O-03009,hoch,priority
,priority_change,O-03012,hoch,priority
,priority_change,O-03014,normal,priority
,priority_change,O-03017,hoch,priority
,priority_change,O-03021,hoch,priority
,priority_change,O-03027,hoch,priority
,priority_change,O-03028,hoch,priority
,priority_change,O-03029,hoch,priority
,priority_change,O-03036,hoch,priority
,priority_change,O-03038,hoch,priority
,priority_change,O-03040,hoch,priority
,priority_change,O-03042,hoch,priority
,priority_change,O-03043,hoch,priority
,priority_change,O-03044,hoch,priority
,priority_change,O-03050,hoch,priority
,priority_change,O-03053,hoch,priority
,priority_change,O-03055,hoch,priority
,priority_change,O-03056,hoch,priority
,priority_change,O-03065,hoch,priority
,priority_change,O-03066,hoch,priority
,priority_change,O-03067,hoch,priority
,priority_change,O-03069,hoch,priority
,priority_change,O-03073,normal,priority
,priority_change,O-03078,hoch,priority
,priority_change,O-03080,hoch,priority
,priority_change,O-03083,hoch,priority
,priority_change,O-03091,hoch,priority
,priority_change,O-03093,hoch,priority
,priority_change,O-03097,hoch,priority
,priority_change,O-03107,hoch,priority
,priority_change,O-03115,hoch,priority
,priority_change,O-03116,hoch,priority
,priority_change,O-03120,normal,priority
,priority_change,O-03121,hoch,priority
,priority_change,O-03124,normal,priority
,priority_change,O-03128,hoch,priority
,priority_change,O-03130,hoch,priority
,priority_change,O-03138,hoch,priority
,priority_change,O-03141,normal,priority
,priority_change,O-03142,hoch,priority
,priority_change,O-03143,hoch,priority
,priority_change,O-03147,hoch,priority
,priority_change,O-03149,hoch,priority
,priority_change,O-03152,hoch,priority
,priority_change,O-03158,hoch,priority
,priority_change,O-03162,hoch,priority
,priority_change,O-03163,normal,priority
,priority_change,O-03164,hoch,priority
,priority_change,O-03178,hoch,priority
,priority_change,O-03198,hoch,priority
,priority_change,O-03204,hoch,priority
,priority_change,O-03211,hoch,priority
,priority_change,O-03214,hoch,priority
,priority_change,O-03216,hoch,priority
,priority_change,O-03218,hoch,priority
,priority_change,O-03221,hoch,priority
,priority_change,O-03227,hoch,priority
,priority_change,O-03232,normal,priority
,priority_change,O-03234,normal,priority
,priority_change,O-03260,hoch,priority
,priority_change,O-03261,hoch,priority
,priority_change,O-03262,hoch,priority
,priority_change,O-03265,hoch,priority
,priority_change,O-03275,hoch,priority
,priority_change,O-03276,hoch,priority
,priority_change,O-03281,hoch,priority
,priority_change,O-03282,hoch,priority
,priority_change,O-03285,hoch,priority
,priority_change,O-03286,hoch,priority
,priority_change,O-03287,hoch,priority
,priority_change,O-03290,hoch,priority
,priority_change,O-03293,normal,priority
,priority_change,O-03294,hoch,priority
,priority_change,O-03295,hoch,priority
,priority_change,O-03297,hoch,priority
,priority_change,O-03300,hoch,priority
,priority_change,O-03301,hoch,priority
,priority_change,O-03302,hoch,priority
,priority_change,O-03306,normal,priority
,priority_change,O-03308,hoch,priority
,priority_change,O-03310,hoch,priority
,priority_change,O-03312,hoch,priority
,priority_change,O-03314,hoch,priority
,priority_change,O-03320,hoch,priority
,priority_change,O-03325,hoch,priority
,priority_change,O-03326,hoch,priority
,priority_change,O-03327,hoch,priority
,priority_change,O-03328,hoch,priority
,priority_change,O-03329,normal,priority
,priority_change,O-03331,hoch,priority
,priority_change,O-03334,hoch,priority
,priority_change,O-03338,hoch,priority
,priority_change,O-03343,hoch,priority
,priority_change,O-03346,hoch,priority
,priority_change,O-03348,hoch,priority
,priority_change,O-03350,hoch,priority
,priority_change,O-03351,hoch,priority
,priority_change,O-03355,hoch,priority
,priority_change,O-03357,normal,priority
,priority_change,O-03359,hoch,priority
,priority_change,O-03368,hoch,priority
,priority_change,O-03370,hoch,priority
,priority_change,O-03372,hoch,priority
,priority_change,O-03378,normal,priority
,priority_change,O-03382,hoch,priority
,priority_change,O-03384,normal,priority
,priority_change,O-03387,hoch,priority
,priority_change,O-03388,normal,priority
,priority_change,O-03390,hoch,priority
,priority_change,O-03398,hoch,priority
,priority_change,O-03400,hoch,priority
,priority_change,O-03401,hoch,priority
,priority_change,O-03412,hoch,priority
,priority_change,O-03414,hoch,priority
,priority_change,O-03415,hoch,priority
,priority_change,O-03416,hoch,priority
,priority_change,O-03418,hoch,priority
,priority_change,O-03427,hoch,priority
,priority_change,O-03428,hoch,priority
,priority_change,O-03430,hoch,priority
,priority_change,O-03433,normal,priority
,priority_change,O-03438,hoch,priority
,priority_change,O-03439,hoch,priority
,priority_change,O-03441,hoch,priority
,priority_change,O-03442,hoch,priority
,priority_change,O-03443,hoch,priority
,priority_change,O-03447,hoch,priority
,priority_change,O-03448,hoch,priority
,priority_change,O-03449,hoch,priority
,priority_change,O-03452,hoch,priority
,priority_change,O-03454,hoch,priority
,priority_change,O-03460,hoch,priority
,priority_change,O-03462,hoch,priority
,priority_change,O-03464,hoch,priority
,priority_change,O-03471,hoch,priority
,priority_change,O-03475,hoch,priority
,priority_change,O-03479,normal,priority
,priority_change,O-03482,hoch,priority
,priority_change,O-03491,hoch,priority
,priority_change,O-03495,normal,priority
,priority_change,O-03501,normal,priority
,priority_change,O-03502,hoch,priority
,priority_change,O-03510,hoch,priority
,priority_change,O-03515,hoch,priority
,priority_change,O-03516,hoch,priority
,priority_change,O-03518,hoch,priority
,priority_change,O-03524,hoch,priority
,priority_change,O-03527,hoch,priority
,priority_change,O-03528,hoch,priority
,priority_change,O-03531,hoch,priority
,priority_change,O-03539,hoch,priority
,priority_change,O-03547,hoch,priority
,priority_change,O-03554,hoch,priority
,priority_change,O-03556,hoch,priority
,priority_change,O-03559,hoch,priority
,priority_change,O-03561,hoch,priority
,priority_change,O-03563,normal,priority
,priority_change,O-03568,hoch,priority
,priority_change,O-03577,hoch,priority
,priority_change,O-03579,hoch,priority
,priority_change,O-03582,normal,priority
,priority_change,O-03583,hoch,priority
,priority_change,O-03584,normal,priority
,priority_change,O-03590,hoch,priority
,priority_change,O-03595,hoch,priority
,priority_change,O-03596,hoch,priority
,priority_change,O-03599,hoch,priority
,priority_change,O-03604,hoch,priority
,priority_change,O-03605,hoch,priority
,priority_change,O-03607,normal,priority
,priority_change,O-03610,hoch,priority
,priority_change,O-03615,hoch,priority
,priority_change,O-03616,hoch,priority
,priority_change,O-03623,hoch,priority
,priority_change,O-03634,hoch,priority
,priority_change,O-03636,hoch,priority
,priority_change,O-03637,hoch,priority
,priority_change,O-03641,hoch,priority
,priority_change,O-03643,normal,priority
,priority_change,O-03644,hoch,priority
,priority_change,O-03645,hoch,priority
,priority_change,O-03649,hoch,priority
,priority_change,O-03655,hoch,priority
,priority_change,O-03667,hoch,priority
,priority_change,O-03674,normal,priority
,priority_change,O-03676,hoch,priority
,priority_change,O-03683,hoch,priority
,priority_change,O-03685,hoch,priority
,priority_change,O-03686,hoch,priority
,priority_change,O-03690,hoch,priority
,priority_change,O-03694,hoch,priority
,priority_change,O-03695,normal,priority
,priority_change,O-03698,hoch,priority
,priority_change,O-03699,hoch,priority
,priority_change,O-03701,hoch,priority
,priority_change,O-03704,hoch,priority
,priority_change,O-03706,hoch,priority
,priority_change,O-03713,hoch,priority
,priority_change,O-03721,normal,priority
,priority_change,O-03724,hoch,priority
,priority_change,O-03726,hoch,priority
,priority_change,O-03729,hoch,priority
,priority_change,O-03730,hoch,priority
,priority_change,O-03734,hoch,priority
,priority_change,O-03735,hoch,priority
,priority_change,O-03738,hoch,priority
,priority_change,O-03742,hoch,priority
,priority_change,O-03746,hoch,priority
,priority_change,O-03752,hoch,priority
,priority_change,O-03763,hoch,priority
,priority_change,O-03769,normal,priority
,priority_change,O-03772,hoch,priority
,priority_change,O-03773,normal,priority
,priority_change,O-03774,hoch,priority
,priority_change,O-03775,hoch,priority
,priority_change,O-03777,hoch,priority
,priority_change,O-03778,hoch,priority
,priority_change,O-03793,hoch,priority
,priority_change,O-03798,normal,priority
,priority_change,O-03799,hoch,priority
,priority_change,O-03802,hoch,priority
,priority_change,O-03808,hoch,priority
,priority_change,O-03811,hoch,priority
,priority_change,O-03814,hoch,priority
,priority_change,O-03816,hoch,priority
,priority_change,O-03818,hoch,priority
,priority_change,O-03820,normal,priority
,priority_change,O-03826,hoch,priority
,priority_change,O-03831,hoch,priority
,priority_change,O-03837,normal,priority
,priority_change,O-03841,hoch,priority
,priority_change,O-03847,hoch,priority
,priority_change,O-03848,hoch,priority
,priority_change,O-03852,hoch,priority
,priority_change,O-03853,hoch,priority
,priority_change,O-03856,hoch,priority
,priority_change,O-03863,hoch,priority
,priority_change,O-03864,hoch,priority
,priority_change,O-03867,hoch,priority
,priority_change,O-03868,hoch,priority
,priority_change,O-03870,hoch,priority
,priority_change,O-03871,hoch,priority
,priority_change,O-03873,hoch,priority
,priority_change,O-03875,hoch,priority
,priority_change,O-03881,hoch,priority
,priority_change,O-03887,hoch,priority
,priority_change,O-03890,hoch,priority
,priority_change,O-03892,hoch,priority
,priority_change,O-03897,hoch,priority
,priority_change,O-03898,hoch,priority
,priority_change,O-03904,hoch,priority
,priority_change,O-03906,hoch,priority
,priority_change,O-03910,hoch,priority
,priority_change,O-03917,hoch,priority
,priority_change,O-03918,hoch,priority
,priority_change,O-03919,normal,priority
,priority_change,O-03922,hoch,priority
,priority_change,O-03926,hoch,priority
,priority_change,O-03929,hoch,priority
,priority_change,O-03930,hoch,priority
,priority_change,O-03931,hoch,priority
,priority_change,O-03936,hoch,priority
,priority_change,O-03950,hoch,priority
,priority_change,O-03954,hoch,priority
,priority_change,O-03955,hoch,priority
,priority_change,O-03958,hoch,priority
,priority_change,O-03959,hoch,priority
,priority_change,O-03962,hoch,priority
,priority_change,O-03969,hoch,priority
,priority_change,O-03971,normal,priority
,priority_change,O-03973,hoch,priority
,priority_change,O-03978,hoch,priority
,priority_change,O-03979,hoch,priority
,priority_change,O-03980,hoch,priority
,priority_change,O-03984,hoch,priority
,priority_change,O-03985,normal,priority
,priority_change,O-03989,hoch,priority
